2021,Vital statistics of Japan,,
Volume 2 General mortality Table 4-2 Deaths by sex and single years of age:JapanÅCeach prefecture and special wards and specified citiesÅC2021 (65 years and overÅCunspecified)
Prefecture,65Years,,,66Years,,,67Years,,,68Years,,,69Years,,,70Years,,,71Years,,,72Years,,,73Years,,,74Years,,,75Years,,,76Years,,,77Years,,,78Years,,,79Years,,,80Years,,,81Years,,,82Years,,,83Years,,,84Years,,,85Years,,,86Years,,,87Years,,,88Years,,,89Years,,,90Years,,,91Years,,,92Years,,,93Years,,,94Years,,,95Years,,,96Years,,,97Years,,,98Years,,,99Years,,,100Years,,,101Years,,,102Years,,,103Years,,,104Years,,,105Years,,,106Years,,,107Years,,,108Years,,,109Years,,,110Years,,,111Years,,,112Years,,,113Years,,,114Years,,,115Years,,,Unspecified,,
,Total,Male,Female,Total,Male,Female,Total,Male,Female,Total,Male,Female,Total,Male,Female,Total,Male,Female,Total,Male,Female,Total,Male,Female,Total,Male,Female,Total,Male,Female,Total,Male,Female,Total,Male,Female,Total,Male,Female,Total,Male,Female,Total,Male,Female,Total,Male,Female,Total,Male,Female,Total,Male,Female,Total,Male,Female,Total,Male,Female,Total,Male,Female,Total,Male,Female,Total,Male,Female,Total,Male,Female,Total,Male,Female,Total,Male,Female,Total,Male,Female,Total,Male,Female,Total,Male,Female,Total,Male,Female,Total,Male,Female,Total,Male,Female,Total,Male,Female,Total,Male,Female,Total,Male,Female,Total,Male,Female,Total,Male,Female,Total,Male,Female,Total,Male,Female,Total,Male,Female,Total,Male,Female,Total,Male,Female,Total,Male,Female,Total,Male,Female,Total,Male,Female,Total,Male,Female,Total,Male,Female,Total,Male,Female,Total,Male,Female,Total,Male,Female,Total,Male,Female,Total,Male,Female
Total,10708,7439,3269,11781,8300,3481,13409,9321,4088,15686,10895,4791,17942,12402,5540,20939,14593,6346,25117,17379,7738,29183,20127,9056,31407,21369,10038,29170,19585,9585,21714,14387,7327,26996,17617,9379,33990,21982,12008,35721,22776,12945,40450,25486,14964,42569,26198,16371,41215,24992,16223,40954,23938,17016,48252,27710,20542,52195,29255,22940,56484,30330,26154,56905,29634,27271,57414,28533,28881,61274,28834,32440,60287,27096,33191,59534,25202,34332,56061,21888,34173,54125,19619,34506,49592,16907,32685,44871,14110,30761,39978,11457,28521,32245,8260,23985,26047,5930,20117,20136,3912,16224,15629,2734,12895,11958,1852,10106,8324,1229,7095,5054,698,4356,3543,464,3079,2181,269,1912,1407,131,1276,817,74,743,478,42,436,272,21,251,117,2,115,63,5,58,27,-,27,18,-,18,1,-,1,1,-,1,1,-,1,427,325,102
01 Hokkaido,557,360,197,618,407,211,793,513,280,923,564,359,997,667,330,1135,737,398,1299,830,469,1427,928,499,1481,968,513,1366,873,493,1128,716,412,1277,797,480,1545,954,591,1702,1036,666,1859,1118,741,1931,1162,769,1929,1149,780,2016,1118,898,2361,1297,1064,2416,1311,1105,2646,1426,1220,2744,1429,1315,2667,1348,1319,2896,1361,1535,2817,1306,1511,2821,1207,1614,2642,1082,1560,2521,920,1601,2405,831,1574,2043,660,1383,1804,528,1276,1548,376,1172,1273,288,985,986,201,785,813,148,665,571,101,470,446,69,377,237,38,199,168,20,148,112,16,96,66,10,56,29,-,29,26,2,24,13,-,13,6,-,6,3,-,3,2,-,2,2,-,2,-,-,-,-,-,-,-,-,-,-,-,-
02 Aomori,164,127,37,193,145,48,208,144,64,248,176,72,253,183,70,317,227,90,375,261,114,389,269,120,415,283,132,367,242,125,261,179,82,334,223,111,390,255,135,428,273,155,469,297,172,518,286,232,456,276,180,546,301,245,721,371,350,669,340,329,812,407,405,785,361,424,792,322,470,899,406,493,843,328,515,766,284,482,737,271,466,716,245,471,657,182,475,551,145,406,486,103,383,418,79,339,300,61,239,189,32,157,156,25,131,117,12,105,82,8,74,41,5,36,34,5,29,14,1,13,7,2,5,8,1,7,3,-,3,2,-,2,2,1,1,-,-,-,-,-,-,-,-,-,-,-,-,-,-,-,-,-,-,-,-,-
03 Iwate,153,102,51,147,107,40,174,126,48,190,136,54,219,155,64,247,171,76,290,191,99,329,220,109,330,240,90,296,210,86,236,170,66,291,191,100,374,235,139,391,247,144,429,253,176,470,300,170,459,267,192,478,275,203,585,336,249,663,327,336,734,383,351,728,344,384,738,354,384,845,385,460,770,359,411,801,322,479,786,305,481,690,236,454,668,210,458,610,170,440,542,158,384,410,93,317,365,70,295,261,49,212,188,26,162,142,24,118,107,11,96,57,13,44,41,1,40,21,3,18,10,1,9,13,-,13,8,-,8,2,1,1,-,-,-,-,-,-,-,-,-,-,-,-,-,-,-,-,-,-,-,-,-,-,-,-
04 Miyagi,232,154,78,213,150,63,246,159,87,316,222,94,339,221,118,383,264,119,447,280,167,437,288,149,540,368,172,442,302,140,306,201,105,421,274,147,573,352,221,598,392,206,662,418,244,702,438,264,656,398,258,705,390,315,856,485,371,959,525,434,960,498,462,1041,539,502,1047,492,555,1145,520,625,1148,510,638,1134,482,652,1118,429,689,1117,418,699,955,334,621,858,262,596,760,217,543,601,158,443,483,114,369,386,67,319,275,54,221,226,43,183,150,29,121,90,15,75,41,6,35,29,8,21,29,1,28,14,3,11,4,-,4,7,-,7,-,-,-,-,-,-,-,-,-,-,-,-,-,-,-,-,-,-,-,-,-,1,1,-
05 Akita,116,78,38,138,107,31,183,130,53,197,140,57,206,131,75,207,147,60,264,197,67,292,202,90,308,219,89,288,191,97,212,142,70,233,149,84,316,202,114,298,185,113,338,209,129,391,256,135,381,226,155,440,240,200,498,269,229,571,312,259,682,349,333,619,316,303,707,310,397,772,349,423,830,366,464,823,318,505,717,272,445,699,220,479,632,197,435,571,154,417,516,129,387,431,96,335,316,64,252,211,39,172,180,25,155,152,20,132,94,19,75,55,6,49,30,3,27,17,1,16,11,-,11,3,-,3,4,1,3,2,-,2,3,-,3,2,1,1,1,-,1,-,-,-,-,-,-,-,-,-,-,-,-,-,-,-
06 Yamagata,104,70,34,119,88,31,135,91,44,174,122,52,167,119,48,209,142,67,216,146,70,257,174,83,269,189,80,231,157,74,176,111,65,239,154,85,284,188,96,308,198,110,343,222,121,410,262,148,382,227,155,432,261,171,488,274,214,576,299,277,594,316,278,664,325,339,652,307,345,780,345,435,742,333,409,759,303,456,713,266,447,744,268,476,698,216,482,615,171,444,565,146,419,416,93,323,367,83,284,261,45,216,200,35,165,156,26,130,115,21,94,67,10,57,23,5,18,21,2,19,9,1,8,6,-,6,9,-,9,1,-,1,1,-,1,1,-,1,-,-,-,-,-,-,-,-,-,-,-,-,-,-,-,-,-,-
07 Fukushima,218,155,63,223,150,73,273,190,83,316,214,102,348,233,115,359,248,111,444,307,137,458,323,135,461,301,160,449,319,130,316,222,94,403,255,148,564,368,196,530,327,203,643,403,240,616,366,250,663,410,253,669,394,275,826,468,358,852,458,394,985,510,475,924,431,493,1022,503,519,1205,545,660,1147,529,618,1183,474,709,1112,403,709,1026,343,683,934,306,628,946,298,648,825,227,598,662,179,483,514,108,406,345,77,268,281,47,234,209,43,166,143,30,113,101,12,89,70,11,59,22,5,17,21,2,19,13,1,12,6,-,6,4,1,3,1,-,1,2,-,2,-,-,-,-,-,-,-,-,-,-,-,-,-,-,-,-,-,-
08 Ibaraki,272,187,85,306,205,101,327,236,91,417,292,125,491,345,146,519,367,152,628,436,192,660,474,186,786,542,244,674,450,224,519,357,162,671,452,219,846,556,290,899,574,325,1016,666,350,1030,626,404,1029,626,403,921,541,380,1179,691,488,1194,661,533,1318,744,574,1266,686,580,1334,708,626,1309,632,677,1350,610,740,1336,548,788,1291,479,812,1332,484,848,1089,398,691,1030,287,743,889,264,625,722,183,539,619,149,470,458,83,375,329,57,272,269,43,226,162,29,133,111,11,100,73,8,65,45,6,39,27,2,25,15,-,15,12,3,9,8,1,7,2,-,2,1,-,1,-,-,-,-,-,-,-,-,-,-,-,-,-,-,-,-,-,-
09 Tochigi,163,105,58,200,143,57,243,174,69,282,206,76,279,206,73,401,283,118,462,328,134,477,328,149,595,438,157,474,320,154,336,227,109,443,305,138,518,332,186,568,365,203,634,392,242,641,412,229,640,386,254,627,379,248,731,410,321,758,432,326,852,464,388,872,469,403,849,390,459,943,436,507,916,411,505,928,395,533,877,334,543,829,301,528,745,220,525,720,197,523,625,189,436,513,150,363,429,97,332,296,44,252,237,40,197,155,8,147,118,15,103,75,3,72,53,10,43,26,2,24,18,2,16,16,1,15,6,1,5,5,1,4,2,-,2,-,-,-,-,-,-,-,-,-,-,-,-,-,-,-,-,-,-,-,-,-
10 Gunma,163,115,48,211,164,47,228,157,71,253,190,63,314,229,85,354,241,113,421,290,131,480,346,134,503,343,160,519,358,161,415,293,122,447,308,139,569,379,190,600,406,194,687,431,256,725,448,277,773,480,293,684,408,276,817,488,329,789,451,338,855,460,395,944,493,451,992,504,488,979,447,532,1053,471,582,1055,453,602,951,388,563,1007,380,627,806,288,518,780,215,565,763,223,540,545,148,397,435,120,315,338,76,262,250,45,205,163,26,137,140,21,119,93,10,83,65,12,53,34,2,32,24,5,19,15,3,12,9,1,8,5,-,5,2,-,2,1,-,1,2,-,2,-,-,-,-,-,-,-,-,-,-,-,-,-,-,-
11 Saitama,573,390,183,652,461,191,710,494,216,829,573,256,1009,669,340,1228,880,348,1481,1035,446,1781,1229,552,1811,1229,582,1846,1241,605,1426,947,479,1636,1065,571,2249,1474,775,2323,1475,848,2479,1591,888,2671,1668,1003,2559,1590,969,2519,1524,995,2956,1740,1216,2922,1658,1264,3036,1730,1306,2940,1611,1329,2921,1480,1441,2942,1462,1480,2749,1245,1504,2638,1163,1475,2369,980,1389,2209,821,1388,2071,714,1357,1828,594,1234,1535,471,1064,1214,292,922,1003,221,782,728,149,579,541,98,443,424,61,363,329,51,278,180,26,154,112,17,95,95,14,81,45,3,42,19,1,18,11,1,10,8,-,8,3,-,3,2,-,2,-,-,-,-,-,-,-,-,-,-,-,-,-,-,-,2,2,-
12 Chiba,541,373,168,567,409,158,627,438,189,710,492,218,853,616,237,1020,711,309,1240,843,397,1393,964,429,1545,1048,497,1551,1058,493,1158,745,413,1330,887,443,1840,1216,624,1831,1206,625,2073,1353,720,2162,1378,784,2043,1250,793,2069,1234,835,2335,1389,946,2418,1420,998,2607,1433,1174,2631,1412,1219,2443,1233,1210,2553,1289,1264,2506,1126,1380,2508,1109,1399,2219,852,1367,2193,820,1373,1897,675,1222,1773,593,1180,1580,467,1113,1210,303,907,951,234,717,711,141,570,569,90,479,430,77,353,281,36,245,196,32,164,128,14,114,77,9,68,45,4,41,27,5,22,16,2,14,9,-,9,2,-,2,-,-,-,1,-,1,2,-,2,-,-,-,-,-,-,-,-,-,4,4,-
13 Tokyo,955,670,285,1064,742,322,1124,793,331,1306,905,401,1603,1099,504,1830,1323,507,2162,1533,629,2637,1833,804,2892,1969,923,2648,1785,863,1944,1265,679,2418,1590,828,3115,1996,1119,3335,2096,1239,3710,2301,1409,3841,2407,1434,3736,2217,1519,3694,2139,1555,4165,2344,1821,4585,2536,2049,5197,2743,2454,5105,2623,2482,5115,2581,2534,5377,2521,2856,5286,2380,2906,4964,2103,2861,4673,1800,2873,4362,1595,2767,4126,1412,2714,3670,1200,2470,3204,949,2255,2582,706,1876,2069,474,1595,1673,380,1293,1267,259,1008,935,148,787,643,106,537,406,58,348,305,42,263,176,18,158,105,12,93,74,8,66,38,4,34,18,2,16,11,-,11,5,1,4,2,-,2,-,-,-,-,-,-,-,-,-,-,-,-,1,1,-
14 Kanagawa,688,490,198,732,499,233,853,602,251,1003,708,295,1107,747,360,1302,912,390,1638,1092,546,1789,1236,553,2115,1399,716,1846,1267,579,1477,964,513,1773,1129,644,2334,1503,831,2428,1535,893,2698,1726,972,2917,1807,1110,2847,1755,1092,2739,1630,1109,3159,1848,1311,3429,1977,1452,3627,2007,1620,3629,1907,1722,3526,1796,1730,3567,1702,1865,3504,1621,1883,3495,1509,1986,3267,1290,1977,2908,1126,1782,2762,981,1781,2436,820,1616,2303,716,1587,1764,484,1280,1376,325,1051,1005,198,807,868,149,719,632,103,529,442,65,377,292,46,246,198,32,166,118,11,107,84,9,75,44,1,43,24,1,23,14,-,14,5,-,5,4,1,3,2,-,2,1,-,1,-,-,-,-,-,-,-,-,-,1,1,-
15 Niigata,190,139,51,254,191,63,267,179,88,310,230,80,342,243,99,464,329,135,512,379,133,534,381,153,567,405,162,529,360,169,382,275,107,517,341,176,625,419,206,644,408,236,719,465,254,758,494,264,793,476,317,778,461,317,1017,595,422,1078,604,474,1241,673,568,1220,661,559,1297,614,683,1434,672,762,1381,597,784,1373,566,807,1375,533,842,1380,473,907,1292,435,857,1120,352,768,1005,284,721,821,216,605,595,135,460,524,107,417,426,73,353,349,41,308,251,43,208,134,13,121,107,13,94,49,4,45,44,1,43,22,2,20,11,-,11,8,2,6,5,-,5,-,-,-,-,-,-,-,-,-,-,-,-,-,-,-,-,-,-,-,-,-
16 Toyama,91,62,29,95,64,31,111,79,32,124,97,27,152,103,49,166,115,51,231,166,65,282,206,76,298,203,95,299,200,99,186,120,66,252,145,107,316,209,107,317,199,118,401,258,143,415,243,172,393,244,149,349,209,140,398,246,152,514,278,236,526,265,261,492,238,254,603,296,307,606,302,304,581,263,318,583,240,343,557,227,330,565,202,363,507,180,327,463,143,320,414,115,299,359,86,273,297,67,230,226,47,179,174,32,142,136,29,107,92,18,74,57,8,49,42,9,33,18,2,16,17,1,16,5,-,5,8,1,7,3,-,3,1,-,1,-,-,-,-,-,-,-,-,-,-,-,-,-,-,-,-,-,-,-,-,-
17 Ishikawa,69,48,21,112,80,32,118,78,40,119,84,35,155,111,44,165,117,48,208,140,68,272,185,87,290,194,96,300,202,98,184,121,63,259,170,89,296,188,108,348,220,128,354,227,127,346,202,144,355,227,128,352,203,149,398,231,167,475,249,226,530,274,256,471,233,238,460,241,219,651,286,365,568,251,317,588,260,328,502,191,311,563,192,371,496,151,345,446,125,321,417,114,303,353,73,280,287,68,219,224,47,177,148,28,120,127,22,105,107,16,91,55,8,47,35,4,31,21,3,18,24,3,21,10,1,9,5,-,5,3,1,2,1,-,1,1,-,1,1,-,1,-,-,-,-,-,-,-,-,-,-,-,-,-,-,-
18 Fukui,53,37,16,64,45,19,76,50,26,88,64,24,104,69,35,117,71,46,142,99,43,167,118,49,202,136,66,165,121,44,114,77,37,148,96,52,198,131,67,208,129,79,240,140,100,265,158,107,234,142,92,251,142,109,301,165,136,357,199,158,421,214,207,369,189,180,422,219,203,427,201,226,466,196,270,408,183,225,431,170,261,462,190,272,412,134,278,347,124,223,332,90,242,281,68,213,199,46,153,171,29,142,121,17,104,113,23,90,70,16,54,49,9,40,38,5,33,19,4,15,10,1,9,9,-,9,5,1,4,3,-,3,3,-,3,-,-,-,-,-,-,-,-,-,-,-,-,-,-,-,-,-,-,-,-,-
19 Yamanashi,71,41,30,75,59,16,88,57,31,107,71,36,115,79,36,132,107,25,151,103,48,177,130,47,223,161,62,193,130,63,131,86,45,165,102,63,225,151,74,207,136,71,262,171,91,276,166,110,304,189,115,273,157,116,294,168,126,310,172,138,367,206,161,400,206,194,339,177,162,419,188,231,413,194,219,475,218,257,406,171,235,439,168,271,420,152,268,359,115,244,323,105,218,275,76,199,248,58,190,196,36,160,141,23,118,110,16,94,71,10,61,48,5,43,27,1,26,22,2,20,12,-,12,6,-,6,2,-,2,1,-,1,1,-,1,-,-,-,-,-,-,-,-,-,-,-,-,-,-,-,-,-,-,-,-,-
20 Nagano,180,122,58,159,107,52,172,115,57,222,158,64,265,183,82,260,186,74,373,264,109,378,253,125,429,280,149,400,271,129,327,228,99,400,279,121,510,346,164,572,371,201,615,394,221,667,405,262,703,441,262,648,380,268,731,400,331,871,503,368,931,519,412,934,505,429,1027,515,512,1187,578,609,1209,564,645,1211,535,676,1234,494,740,1193,474,719,1165,431,734,1102,352,750,931,280,651,818,257,561,652,154,498,484,111,373,387,82,305,310,44,266,199,29,170,128,13,115,78,9,69,57,9,48,31,2,29,16,3,13,9,1,8,9,1,8,1,-,1,2,-,2,-,-,-,-,-,-,-,-,-,-,-,-,-,-,-,-,-,-
21 Gifu,169,106,63,199,149,50,179,116,63,242,168,74,283,183,100,322,228,94,342,251,91,464,327,137,519,370,149,469,325,144,363,253,110,437,283,154,554,347,207,615,388,227,664,419,245,689,421,268,711,422,289,707,402,305,844,497,347,880,498,382,960,520,440,1023,555,468,1059,511,548,1076,522,554,1060,521,539,1034,455,579,1000,397,603,915,351,564,910,326,584,765,239,526,666,180,486,601,171,430,480,108,372,328,58,270,220,40,180,176,27,149,140,19,121,76,7,69,66,10,56,38,10,28,20,1,19,10,2,8,8,-,8,3,-,3,2,-,2,2,-,2,-,-,-,-,-,-,-,-,-,-,-,-,-,-,-,-,-,-
22 Shizuoka,305,228,77,320,215,105,395,274,121,454,325,129,534,359,175,623,433,190,712,488,224,873,589,284,927,609,318,811,531,280,643,437,206,902,597,305,1020,675,345,1020,679,341,1248,785,463,1291,801,490,1270,787,483,1266,710,556,1466,842,624,1604,929,675,1716,930,786,1756,912,844,1777,871,906,1735,817,918,1777,815,962,1785,748,1037,1761,698,1063,1633,617,1016,1506,535,971,1380,485,895,1279,350,929,1042,297,745,793,193,600,640,119,521,431,74,357,380,56,324,240,33,207,160,23,137,105,11,94,59,11,48,46,4,42,25,1,24,12,3,9,5,-,5,1,-,1,2,-,2,-,-,-,1,-,1,-,-,-,-,-,-,-,-,-,-,-,-
23 Aichi,533,371,162,542,379,163,658,458,200,798,551,247,905,619,286,1045,711,334,1321,901,420,1602,1068,534,1700,1123,577,1606,1082,524,1298,875,423,1685,1087,598,1926,1230,696,2049,1342,707,2336,1476,860,2437,1536,901,2292,1414,878,2316,1390,926,2598,1525,1073,2901,1660,1241,3011,1599,1412,3003,1565,1438,3053,1548,1505,3024,1364,1660,2924,1328,1596,2949,1327,1622,2625,1058,1567,2551,934,1617,2217,798,1419,2060,673,1387,1734,506,1228,1401,362,1039,1069,267,802,860,167,693,624,116,508,469,76,393,359,42,317,199,31,168,147,20,127,83,8,75,69,6,63,34,1,33,18,2,16,13,2,11,4,-,4,2,-,2,-,-,-,-,-,-,-,-,-,-,-,-,-,-,-,2,1,1
24 Mie,140,85,55,129,99,30,161,108,53,217,145,72,236,161,75,295,205,90,327,221,106,430,300,130,438,303,135,415,273,142,290,199,91,378,242,136,475,324,151,525,320,205,597,363,234,630,383,247,658,389,269,620,383,237,727,424,303,788,433,355,933,491,442,880,436,444,907,479,428,1032,480,552,963,470,493,958,414,544,910,389,521,856,329,527,790,299,491,729,249,480,636,191,445,479,121,358,393,70,323,324,59,265,245,42,203,154,20,134,120,14,106,70,11,59,54,9,45,39,6,33,23,2,21,7,1,6,3,-,3,1,1,-,4,-,4,2,-,2,-,-,-,-,-,-,-,-,-,-,-,-,-,-,-,-,-,-
25 Shiga,91,58,33,102,67,35,103,66,37,131,94,37,161,114,47,178,126,52,184,120,64,285,202,83,287,204,83,256,161,95,162,101,61,242,167,75,300,185,115,356,231,125,358,232,126,426,256,170,380,228,152,375,208,167,429,254,175,471,292,179,520,284,236,490,265,225,524,259,265,616,293,323,552,250,302,658,300,358,597,226,371,554,215,339,512,186,326,494,174,320,411,117,294,351,81,270,261,60,201,195,26,169,157,21,136,123,15,108,92,16,76,42,6,36,38,5,33,33,3,30,22,3,19,4,-,4,2,-,2,3,-,3,-,-,-,5,-,5,-,-,-,1,-,1,-,-,-,-,-,-,-,-,-,-,-,-
26 Kyoto,200,138,62,194,130,64,235,157,78,225,163,62,286,200,86,416,269,147,487,337,150,590,403,187,641,420,221,628,407,221,403,240,163,514,332,182,703,460,243,673,426,247,839,543,296,875,526,349,796,476,320,816,471,345,949,578,371,1034,578,456,1116,604,512,1131,634,497,1101,582,519,1227,578,649,1234,539,695,1198,512,686,1070,430,640,1114,392,722,1008,350,658,917,287,630,821,234,587,683,174,509,497,106,391,427,75,352,344,48,296,261,34,227,179,15,164,105,13,92,78,8,70,62,8,54,33,4,29,22,3,19,12,4,8,13,-,13,6,-,6,1,-,1,1,-,1,-,-,-,-,-,-,-,-,-,-,-,-,-,-,-
27 Osaka,714,509,205,785,558,227,923,654,269,1040,690,350,1207,836,371,1552,1088,464,1839,1296,543,2168,1526,642,2429,1665,764,2209,1468,741,1721,1148,573,2050,1335,715,2693,1745,948,2816,1801,1015,3357,2100,1257,3412,2081,1331,3253,1969,1284,3029,1807,1222,3581,2058,1523,3908,2235,1673,4117,2231,1886,3953,2026,1927,3817,1904,1913,3984,1911,2073,3747,1672,2075,3563,1507,2056,3253,1276,1977,3058,1040,2018,2664,889,1775,2382,749,1633,2104,574,1530,1689,417,1272,1326,318,1008,999,173,826,797,133,664,633,103,530,424,53,371,238,36,202,197,18,179,112,15,97,84,7,77,47,5,42,24,2,22,12,-,12,4,-,4,1,-,1,3,-,3,2,-,2,-,-,-,-,-,-,-,-,-,4,2,2
28 Hyogo,447,313,134,500,349,151,574,393,181,633,444,189,727,503,224,863,614,249,1055,746,309,1324,913,411,1405,933,472,1303,899,404,918,600,318,1202,796,406,1506,951,555,1599,1022,577,1791,1106,685,1872,1136,736,1754,1103,651,1674,988,686,2057,1179,878,2336,1341,995,2420,1297,1123,2492,1280,1212,2484,1233,1251,2739,1294,1445,2659,1170,1489,2642,1068,1574,2351,929,1422,2303,831,1472,2095,702,1393,1901,627,1274,1684,488,1196,1338,357,981,1112,256,856,843,163,680,705,112,593,524,90,434,350,51,299,197,25,172,161,18,143,89,10,79,57,5,52,25,4,21,22,1,21,10,-,10,5,-,5,4,-,4,1,-,1,1,-,1,-,-,-,1,-,1,-,-,-,1,-,1
29 Nara,99,69,30,114,76,38,127,81,46,169,123,46,170,115,55,201,129,72,253,176,77,299,190,109,338,230,108,305,202,103,218,152,66,310,208,102,382,247,135,399,263,136,500,307,193,493,309,184,483,298,185,457,273,184,515,302,213,579,330,249,655,344,311,583,342,241,655,330,325,672,318,354,678,302,376,661,283,378,602,225,377,621,237,384,543,184,359,482,149,333,473,155,318,315,76,239,276,61,215,219,45,174,194,30,164,130,14,116,103,11,92,47,4,43,40,3,37,31,3,28,20,3,17,18,1,17,5,-,5,3,1,2,1,-,1,-,-,-,1,-,1,-,-,-,-,-,-,-,-,-,-,-,-,-,-,-
30 Wakayama,103,69,34,96,65,31,95,69,26,139,91,48,125,84,41,142,95,47,212,143,69,251,180,71,269,193,76,255,165,90,184,122,62,228,128,100,291,186,105,345,232,113,350,219,131,348,208,140,378,215,163,401,231,170,402,234,168,486,276,210,506,275,231,523,255,268,517,254,263,598,288,310,538,246,292,566,234,332,546,238,308,552,227,325,515,201,314,435,130,305,388,108,280,304,66,238,260,58,202,173,31,142,145,25,120,101,16,85,75,8,67,36,2,34,41,7,34,26,3,23,22,4,18,6,-,6,3,-,3,3,-,3,-,-,-,1,-,1,1,-,1,-,-,-,-,-,-,-,-,-,-,-,-,-,-,-
31 Tottori,46,39,7,57,42,15,78,57,21,80,51,29,90,60,30,111,79,32,134,105,29,138,97,41,169,119,50,126,82,44,98,64,34,127,85,42,130,85,45,136,90,46,176,105,71,190,117,73,168,110,58,172,114,58,205,109,96,254,143,111,266,129,137,253,118,135,294,136,158,334,154,180,359,155,204,345,152,193,346,114,232,368,125,243,327,94,233,305,106,199,273,78,195,218,53,165,176,32,144,147,33,114,131,25,106,94,14,80,48,5,43,37,2,35,20,3,17,18,2,16,15,-,15,12,1,11,3,-,3,5,-,5,-,-,-,-,-,-,-,-,-,1,-,1,-,-,-,-,-,-,-,-,-,-,-,-
32 Shimane,65,42,23,73,53,20,79,58,21,89,71,18,109,85,24,115,87,28,142,99,43,176,122,54,215,150,65,181,132,49,126,78,48,163,101,62,179,116,63,184,125,59,186,116,70,208,125,83,198,124,74,233,146,87,301,168,133,348,182,166,390,215,175,400,227,173,405,216,189,445,211,234,480,219,261,442,184,258,427,164,263,458,149,309,422,141,281,398,126,272,324,101,223,301,91,210,240,44,196,202,38,164,153,29,124,148,26,122,92,18,74,59,9,50,32,4,28,22,2,20,10,-,10,4,1,3,3,-,3,4,1,3,2,-,2,1,-,1,1,-,1,-,-,-,-,-,-,-,-,-,-,-,-,1,1,-
33 Okayama,128,90,38,159,115,44,148,104,44,219,151,68,260,170,90,291,207,84,360,268,92,440,307,133,465,324,141,464,311,153,337,225,112,405,276,129,490,340,150,522,335,187,578,399,179,633,395,238,547,323,224,584,364,220,721,433,288,778,411,367,894,483,411,879,477,402,916,460,456,1006,483,523,1097,543,554,1042,429,613,971,359,612,952,361,591,848,309,539,829,253,576,723,195,528,582,132,450,489,118,371,428,89,339,305,41,264,244,40,204,139,18,121,127,14,113,60,8,52,36,2,34,31,1,30,21,2,19,10,4,6,5,1,4,3,-,3,-,-,-,2,-,2,-,-,-,-,-,-,-,-,-,-,-,-,-,-,-
34 Hiroshima,210,145,65,244,170,74,264,189,75,335,233,102,381,271,110,439,296,143,534,358,176,636,437,199,663,436,227,700,464,236,471,317,154,629,444,185,741,490,251,765,502,263,905,585,320,885,557,328,795,467,328,780,435,345,1040,583,457,1131,622,509,1172,601,571,1222,630,592,1216,575,641,1288,600,688,1282,574,708,1267,516,751,1300,528,772,1323,485,838,1160,345,815,1145,345,800,992,271,721,764,200,564,632,158,474,531,111,420,431,93,338,346,47,299,224,37,187,132,21,111,114,17,97,67,11,56,23,5,18,22,4,18,14,1,13,9,1,8,6,-,6,4,1,3,-,-,-,1,-,1,-,-,-,-,-,-,-,-,-,-,-,-
35 Yamaguchi,132,91,41,129,95,34,173,122,51,198,140,58,240,179,61,272,195,77,306,197,109,370,252,118,385,268,117,396,261,135,280,180,100,363,231,132,384,245,139,481,306,175,533,318,215,560,324,236,505,312,193,471,252,219,614,362,252,697,388,309,751,386,365,745,374,371,769,385,384,872,394,478,899,378,521,876,332,544,824,319,505,785,281,504,763,234,529,640,204,436,614,170,444,468,107,361,453,83,370,335,56,279,269,54,215,196,31,165,123,16,107,74,12,62,76,10,66,43,8,35,20,1,19,16,2,14,9,1,8,6,-,6,2,-,2,2,-,2,1,-,1,-,-,-,-,-,-,-,-,-,-,-,-,-,-,-
36 Tokushima,74,50,24,102,72,30,96,74,22,114,84,30,124,91,33,134,95,39,154,108,46,227,148,79,257,174,83,184,122,62,112,71,41,162,105,57,204,123,81,216,142,74,250,153,97,283,159,124,284,171,113,268,147,121,330,181,149,412,238,174,381,188,193,413,201,212,423,215,208,477,219,258,502,217,285,512,223,289,497,169,328,454,160,294,386,143,243,343,111,232,343,102,241,270,64,206,233,50,183,158,29,129,130,26,104,99,15,84,52,9,43,30,3,27,21,6,15,26,1,25,10,-,10,4,-,4,4,-,4,2,-,2,1,-,1,-,-,-,-,-,-,-,-,-,-,-,-,-,-,-,-,-,-,-,-,-
37 Kagawa,82,60,22,95,58,37,103,75,28,119,80,39,130,88,42,178,112,66,210,148,62,251,178,73,258,179,79,222,147,75,169,122,47,216,146,70,260,172,88,262,168,94,286,190,96,334,213,121,306,197,109,316,195,121,393,213,180,410,236,174,459,265,194,436,230,206,507,247,260,556,258,298,576,261,315,526,226,300,560,198,362,562,213,349,480,164,316,440,132,308,453,137,316,286,63,223,265,65,200,183,36,147,190,49,141,119,19,100,74,13,61,56,4,52,33,4,29,30,3,27,19,3,16,11,1,10,5,-,5,3,-,3,2,-,2,-,-,-,-,-,-,-,-,-,-,-,-,-,-,-,-,-,-,-,-,-
38 Ehime,144,106,38,160,112,48,154,101,53,195,141,54,225,158,67,254,184,70,314,221,93,379,263,116,362,264,98,358,236,122,297,208,89,339,232,107,387,253,134,417,248,169,491,287,204,474,274,200,489,289,200,486,275,211,596,338,258,610,341,269,671,366,305,708,356,352,763,362,401,850,389,461,788,359,429,825,331,494,851,305,546,803,301,502,719,231,488,689,230,459,615,164,451,471,121,350,408,100,308,336,58,278,228,40,188,173,29,144,135,27,108,76,13,63,54,7,47,31,6,25,23,-,23,18,2,16,2,-,2,5,-,5,1,-,1,1,-,1,1,-,1,-,-,-,-,-,-,-,-,-,-,-,-,-,-,-
39 Kochi,70,51,19,74,54,20,93,70,23,108,78,30,120,85,35,117,78,39,190,130,60,203,142,61,200,138,62,209,135,74,141,104,37,185,118,67,225,149,76,221,150,71,250,167,83,273,166,107,277,175,102,258,160,98,273,168,105,317,183,134,363,197,166,415,202,213,427,197,230,489,235,254,444,192,252,474,218,256,462,183,279,465,153,312,401,143,258,378,114,264,362,108,254,302,81,221,243,53,190,195,35,160,136,34,102,106,23,83,87,12,75,57,5,52,44,7,37,26,-,26,14,2,12,9,2,7,6,-,6,5,-,5,1,-,1,-,-,-,1,-,1,-,-,-,-,-,-,-,-,-,-,-,-,-,-,-
40 Fukuoka,448,308,140,506,351,155,540,404,136,697,489,208,742,519,223,893,600,293,1113,771,342,1286,886,400,1214,814,400,1132,719,413,840,536,304,995,652,343,1288,808,480,1307,802,505,1465,934,531,1624,982,642,1534,901,633,1554,898,656,1790,1027,763,1947,1056,891,2104,1094,1010,2194,1112,1082,2188,1064,1124,2324,1036,1288,2366,983,1383,2292,934,1358,2137,822,1315,2118,690,1428,1988,647,1341,1765,547,1218,1562,448,1114,1342,337,1005,1102,236,866,900,155,745,660,86,574,522,67,455,339,41,298,220,28,192,143,18,125,93,11,82,57,3,54,33,1,32,28,2,26,11,2,9,2,-,2,4,-,4,2,-,2,3,-,3,-,-,-,-,-,-,-,-,-,4,2,2
41 Saga,76,48,28,90,69,21,105,70,35,105,74,31,140,92,48,115,77,38,173,118,55,198,135,63,180,123,57,196,135,61,134,87,47,146,82,64,206,123,83,213,139,74,264,173,91,248,152,96,237,132,105,250,140,110,297,173,124,348,183,165,378,194,184,422,233,189,429,190,239,445,207,238,469,192,277,451,191,260,442,186,256,403,131,272,422,138,284,376,109,267,330,71,259,296,75,221,209,47,162,170,34,136,117,22,95,95,10,85,80,13,67,37,8,29,25,3,22,19,-,19,14,2,12,4,-,4,-,-,-,1,-,1,2,-,2,1,-,1,-,-,-,-,-,-,-,-,-,-,-,-,1,-,1,-,-,-
42 Nagasaki,149,107,42,189,137,52,187,130,57,206,142,64,242,170,72,294,195,99,340,244,96,339,239,100,369,271,98,320,229,91,235,151,84,292,190,102,354,225,129,356,227,129,421,248,173,471,295,176,481,288,193,463,257,206,537,279,258,605,338,267,653,357,296,689,358,331,709,331,378,829,382,447,848,371,477,769,323,446,822,290,532,789,261,528,726,249,477,627,186,441,574,158,416,498,109,389,422,84,338,329,60,269,236,35,201,193,34,159,125,9,116,81,13,68,37,4,33,28,2,26,29,1,28,20,1,19,10,-,10,6,-,6,5,1,4,1,-,1,1,-,1,-,-,-,-,-,-,-,-,-,-,-,-,-,-,-
43 Kumamoto,151,116,35,160,110,50,206,139,67,200,138,62,299,210,89,298,208,90,312,212,100,410,275,135,358,249,109,389,274,115,241,153,88,358,225,133,419,271,148,444,282,162,478,297,181,533,325,208,492,294,198,556,310,246,687,383,304,740,401,339,782,409,373,872,473,399,904,467,437,938,438,500,1015,450,565,1091,488,603,980,368,612,926,349,577,975,352,623,779,238,541,804,232,572,614,166,448,539,112,427,394,72,322,321,47,274,269,40,229,203,27,176,121,17,104,78,9,69,33,3,30,18,3,15,21,2,19,14,1,13,4,-,4,5,-,5,1,-,1,-,-,-,-,-,-,-,-,-,-,-,-,-,-,-,-,-,-
44 Oita,89,62,27,113,79,34,130,90,40,165,119,46,166,121,45,187,123,64,219,151,68,294,199,95,291,193,98,309,202,107,178,121,57,225,146,79,314,212,102,311,192,119,355,216,139,411,249,162,399,232,167,373,218,155,477,252,225,540,308,232,582,323,259,640,336,304,601,295,306,692,333,359,665,281,384,713,286,427,652,248,404,629,214,415,623,207,416,544,144,400,536,144,392,393,109,284,364,78,286,269,58,211,194,31,163,164,30,134,103,18,85,62,13,49,45,6,39,21,2,19,23,4,19,6,-,6,5,-,5,-,-,-,-,-,-,2,-,2,-,-,-,1,-,1,-,-,-,-,-,-,-,-,-,-,-,-
45 Miyazaki,114,82,32,129,86,43,151,101,50,175,123,52,187,124,63,206,146,60,269,198,71,248,174,74,303,203,100,275,176,99,196,117,79,238,157,81,268,163,105,269,151,118,336,205,131,363,212,151,360,213,147,363,198,165,470,268,202,515,299,216,551,283,268,593,305,288,630,316,314,642,327,315,646,297,349,648,267,381,616,236,380,577,224,353,567,179,388,525,166,359,447,120,327,387,89,298,279,66,213,238,47,191,198,33,165,135,20,115,113,17,96,61,9,52,42,5,37,26,4,22,22,1,21,9,-,9,2,-,2,2,1,1,-,-,-,-,-,-,-,-,-,-,-,-,-,-,-,-,-,-,-,-,-,-,-,-
46 Kagoshima,209,150,59,186,135,51,254,192,62,260,180,80,302,229,73,321,243,78,321,222,99,394,283,111,409,285,124,340,233,107,254,165,89,344,201,143,373,248,125,420,265,155,465,296,169,530,311,219,484,272,212,585,351,234,744,430,314,693,383,310,777,396,381,897,479,418,891,448,443,924,420,504,960,425,535,931,368,563,998,372,626,950,323,627,857,273,584,876,244,632,691,186,505,646,163,483,497,107,390,403,75,328,328,56,272,251,26,225,161,27,134,121,23,98,71,11,60,48,8,40,22,2,20,23,2,21,20,1,19,9,-,9,3,-,3,1,-,1,-,-,-,1,-,1,-,-,-,-,-,-,-,-,-,1,-,1
47 Okinawa,153,109,44,184,145,39,229,151,78,222,148,74,215,154,61,245,176,69,295,215,80,273,187,86,278,197,81,213,144,69,158,106,52,190,127,63,210,140,70,249,157,92,326,201,125,317,197,120,339,208,131,385,224,161,385,227,158,446,250,196,426,242,184,512,273,239,491,265,226,519,255,264,472,220,252,463,211,252,478,221,257,447,148,299,426,139,287,396,116,280,316,92,224,259,62,197,251,64,187,237,52,185,188,38,150,127,20,107,102,18,84,60,5,55,53,6,47,49,5,44,22,2,20,22,5,17,18,1,17,4,1,3,3,-,3,1,1,-,-,-,-,1,-,1,1,-,1,-,-,-,-,-,-,-,-,-
Foreign countries,1,1,-,1,1,-,-,-,-,3,2,1,6,3,3,2,1,1,4,4,-,4,3,1,3,2,1,1,1,-,2,1,1,4,3,1,2,2,-,6,5,1,4,2,2,3,2,1,3,3,-,2,2,-,2,2,-,3,2,1,1,1,-,1,-,1,3,2,1,2,-,2,4,2,2,1,-,1,-,-,-,1,1,-,2,1,1,-,-,-,-,-,-,-,-,-,-,-,-,-,-,-,1,1,-,-,-,-,-,-,-,-,-,-,-,-,-,-,-,-,-,-,-,-,-,-,-,-,-,-,-,-,-,-,-,-,-,-,-,-,-,-,-,-,-,-,-,-,-,-,-,-,-,4,4,-
Place of residence unspecified,13,11,2,7,6,1,13,13,-,14,13,1,12,11,1,15,15,-,11,11,-,15,15,-,15,15,-,15,12,3,11,8,3,10,9,1,19,13,6,10,8,2,10,9,1,4,2,2,7,4,3,4,3,1,6,6,-,8,7,1,8,5,3,2,2,-,1,1,-,3,1,2,4,4,-,3,3,-,6,3,3,3,1,2,3,1,2,3,-,3,4,2,2,2,-,2,-,-,-,-,-,-,-,-,-,-,-,-,-,-,-,1,-,1,-,-,-,-,-,-,-,-,-,-,-,-,-,-,-,-,-,-,-,-,-,-,-,-,-,-,-,-,-,-,-,-,-,-,-,-,-,-,-,401,306,95
50 Area of wards in Tokyo-to,624,457,167,738,521,217,777,560,217,860,593,267,1064,736,328,1251,905,346,1472,1054,418,1826,1294,532,1979,1367,612,1799,1225,574,1352,885,467,1575,1046,529,2094,1347,747,2205,1393,812,2442,1506,936,2511,1591,920,2492,1470,1022,2390,1389,1001,2743,1532,1211,2970,1624,1346,3542,1836,1706,3396,1742,1654,3351,1678,1673,3523,1638,1885,3503,1574,1929,3238,1355,1883,3131,1174,1957,2943,1054,1889,2786,933,1853,2478,779,1699,2151,623,1528,1742,464,1278,1339,307,1032,1112,245,867,876,178,698,621,87,534,437,69,368,268,40,228,206,30,176,107,14,93,69,8,61,47,7,40,26,3,23,11,1,10,7,-,7,4,1,3,2,-,2,-,-,-,-,-,-,-,-,-,-,-,-,1,1,-
51 Sapporo city,178,111,67,217,153,64,245,159,86,305,191,114,354,229,125,388,259,129,436,291,145,477,309,168,474,311,163,465,300,165,356,230,126,450,280,170,506,313,193,574,342,232,597,357,240,623,380,243,593,355,238,598,339,259,721,397,324,702,397,305,791,417,374,805,390,415,814,390,424,867,392,475,874,415,459,898,388,510,807,335,472,816,289,527,755,270,485,618,203,415,563,168,395,458,113,345,369,84,285,297,62,235,241,41,200,165,33,132,122,24,98,78,15,63,51,7,44,31,2,29,18,4,14,8,-,8,10,-,10,2,-,2,3,-,3,-,-,-,2,-,2,1,-,1,-,-,-,-,-,-,-,-,-,-,-,-
52 Sendai city,85,50,35,76,56,20,108,68,40,107,75,32,122,80,42,141,88,53,185,114,71,174,105,69,216,139,77,187,125,62,126,83,43,180,112,68,237,146,91,230,153,77,260,156,104,293,179,114,257,159,98,282,150,132,307,159,148,366,205,161,360,189,171,350,195,155,365,165,200,402,189,213,397,187,210,381,167,214,371,161,210,411,158,253,356,119,237,291,87,204,252,74,178,209,59,150,164,38,126,140,19,121,120,26,94,76,11,65,53,6,47,35,7,28,20,4,16,10,3,7,11,1,10,8,2,6,3,-,3,4,-,4,-,-,-,-,-,-,-,-,-,-,-,-,-,-,-,-,-,-,-,-,-,1,1,-
53 Saitama city,76,58,18,89,66,23,106,77,29,120,87,33,157,115,42,181,126,55,209,146,63,262,176,86,261,177,84,253,169,84,214,147,67,251,164,87,360,241,119,364,230,134,379,253,126,382,242,140,401,258,143,354,214,140,463,270,193,460,259,201,507,281,226,499,269,230,443,217,226,504,257,247,427,196,231,422,185,237,432,176,256,405,150,255,364,120,244,320,111,209,275,94,181,212,51,161,179,37,142,130,25,105,89,16,73,65,11,54,65,11,54,32,8,24,21,4,17,17,1,16,5,-,5,3,-,3,2,1,1,1,-,1,-,-,-,-,-,-,-,-,-,-,-,-,-,-,-,-,-,-,-,-,-,2,2,-
54 Chiba city,69,44,25,66,55,11,83,56,27,111,75,36,137,99,38,163,106,57,189,138,51,214,148,66,254,168,86,221,158,63,173,117,56,202,140,62,278,193,85,281,187,94,322,198,124,311,198,113,345,208,137,317,189,128,355,208,147,396,230,166,411,241,170,376,207,169,330,172,158,395,203,192,333,147,186,334,157,177,311,108,203,328,122,206,238,91,147,218,75,143,201,60,141,142,37,105,120,30,90,95,11,84,77,11,66,68,14,54,43,7,36,32,6,26,18,3,15,9,1,8,8,1,7,5,-,5,2,-,2,1,-,1,-,-,-,-,-,-,-,-,-,-,-,-,-,-,-,-,-,-,-,-,-,-,-,-
55 Yokohama city,285,200,85,291,201,90,321,243,78,381,274,107,454,296,158,517,379,138,613,397,216,686,481,205,862,546,316,714,509,205,587,394,193,687,428,259,908,587,321,944,583,361,1040,672,368,1141,726,415,1144,706,438,1100,663,437,1247,690,557,1406,791,615,1436,760,676,1467,786,681,1403,702,701,1464,690,774,1385,654,731,1470,646,824,1315,511,804,1218,483,735,1145,406,739,1025,344,681,980,313,667,682,180,502,573,129,444,402,71,331,343,71,272,244,46,198,189,28,161,115,20,95,72,13,59,47,-,47,36,1,35,18,-,18,13,1,12,5,-,5,1,-,1,1,-,1,-,-,-,-,-,-,-,-,-,-,-,-,-,-,-,1,1,-
56 Kawasaki city,115,91,24,109,68,41,131,92,39,161,122,39,159,117,42,181,126,55,240,165,75,258,182,76,291,196,95,272,178,94,205,128,77,249,161,88,317,219,98,350,227,123,375,258,117,388,246,142,361,224,137,369,220,149,436,267,169,420,233,187,477,277,200,476,235,241,466,236,230,459,224,235,488,217,271,421,163,258,429,173,256,381,154,227,351,120,231,300,110,190,308,89,219,246,80,166,173,48,125,128,29,99,127,27,100,101,13,88,57,10,47,29,5,24,26,6,20,13,3,10,9,1,8,7,-,7,5,-,5,-,-,-,1,-,1,-,-,-,1,-,1,-,-,-,-,-,-,-,-,-,-,-,-,-,-,-
57 Sagamihara city,56,42,14,51,35,16,77,46,31,83,61,22,81,50,31,115,80,35,134,92,42,155,109,46,175,130,45,155,107,48,115,77,38,153,92,61,207,131,76,240,158,82,221,142,79,280,167,113,245,152,93,229,124,105,275,178,97,260,146,114,243,142,101,270,143,127,260,124,136,257,127,130,259,127,132,257,115,142,250,107,143,197,72,125,190,79,111,165,65,100,159,46,113,126,29,97,86,21,65,68,12,56,47,2,45,46,4,42,32,2,30,22,4,18,11,1,10,10,5,5,6,1,5,2,-,2,1,-,1,1,-,1,-,-,-,-,-,-,-,-,-,-,-,-,-,-,-,-,-,-,-,-,-,-,-,-
58 Niigata city,74,50,24,89,66,23,97,67,30,114,81,33,106,72,34,138,93,45,188,129,59,170,115,55,178,122,56,184,123,61,138,96,42,195,141,54,211,141,70,207,132,75,227,159,68,249,152,97,264,167,97,230,137,93,322,191,131,309,175,134,367,188,179,322,171,151,373,167,206,450,203,247,407,175,232,413,178,235,371,153,218,406,138,268,376,131,245,304,93,211,311,87,224,254,69,185,171,51,120,149,29,120,114,23,91,100,12,88,67,10,57,44,4,40,39,8,31,14,1,13,12,-,12,7,1,6,4,-,4,2,1,1,3,-,3,-,-,-,-,-,-,-,-,-,-,-,-,-,-,-,-,-,-,-,-,-
59 Shizuoka city,48,38,10,56,37,19,71,47,24,89,62,27,98,51,47,128,87,41,135,90,45,159,107,52,200,137,63,154,91,63,133,87,46,184,122,62,210,129,81,201,132,69,265,170,95,252,161,91,254,145,109,244,154,90,262,158,104,325,184,141,345,182,163,326,176,150,354,183,171,353,171,182,335,156,179,369,153,216,359,147,212,323,112,211,260,90,170,261,80,181,240,72,168,211,62,149,145,32,113,117,18,99,92,10,82,62,9,53,45,4,41,30,5,25,21,2,19,9,-,9,9,2,7,4,-,4,6,1,5,-,-,-,-,-,-,-,-,-,-,-,-,-,-,-,-,-,-,-,-,-,-,-,-,-,-,-
60 Hamamatsu city,63,43,20,61,44,17,76,53,23,112,79,33,90,64,26,124,94,30,123,76,47,172,118,54,173,110,63,146,102,44,118,82,36,183,121,62,173,116,57,185,123,62,243,159,84,244,148,96,240,145,95,266,142,124,322,193,129,333,182,151,349,191,158,361,198,163,428,202,226,353,169,184,385,193,192,382,165,217,334,134,200,337,120,217,343,121,222,304,118,186,263,71,192,216,67,149,164,34,130,150,28,122,85,18,67,80,8,72,61,5,56,31,8,23,16,2,14,16,3,13,9,-,9,7,-,7,2,1,1,1,-,1,-,-,-,-,-,-,-,-,-,1,-,1,-,-,-,-,-,-,-,-,-,-,-,-
61 Nagoya city,188,139,49,190,133,57,202,160,42,285,207,78,298,206,92,335,237,98,394,271,123,542,360,182,528,346,182,533,354,179,424,281,143,555,358,197,599,383,216,663,445,218,762,471,291,833,522,311,687,410,277,736,440,296,853,481,372,896,482,414,971,491,480,973,497,476,1004,508,496,1005,405,600,920,412,508,952,417,535,883,343,540,826,293,533,758,261,497,703,206,497,558,160,398,472,127,345,356,75,281,282,51,231,198,40,158,161,35,126,112,12,100,76,15,61,47,8,39,32,2,30,16,2,14,11,1,10,6,1,5,7,1,6,-,-,-,-,-,-,-,-,-,-,-,-,-,-,-,-,-,-,-,-,-,-,-,-
62 Kyoto city,98,68,30,112,76,36,113,77,36,120,81,39,154,108,46,240,152,88,278,192,86,346,230,116,360,245,115,369,242,127,225,128,97,252,162,90,402,266,136,384,242,142,492,305,187,492,286,206,444,263,181,472,259,213,532,317,215,582,319,263,648,360,288,631,357,274,586,302,284,687,318,369,650,273,377,674,284,390,586,240,346,595,206,389,546,191,355,466,132,334,426,124,302,379,90,289,260,51,209,236,47,189,164,21,143,141,18,123,98,7,91,58,9,49,45,5,40,33,2,31,15,1,14,14,1,13,5,3,2,8,-,8,2,-,2,-,-,-,1,-,1,-,-,-,-,-,-,-,-,-,-,-,-,-,-,-
63 Osaka city,267,197,70,275,207,68,330,244,86,350,244,106,409,285,124,524,391,133,632,467,165,735,540,195,810,599,211,726,499,227,573,399,174,668,447,221,827,549,278,860,547,313,1070,674,396,1089,655,434,1024,614,410,950,568,382,1138,636,502,1219,659,560,1283,690,593,1246,614,632,1270,637,633,1247,593,654,1180,509,671,1084,464,620,1055,407,648,958,303,655,872,287,585,750,229,521,627,164,463,533,124,409,434,102,332,323,59,264,253,35,218,203,29,174,122,15,107,74,14,60,60,7,53,37,5,32,26,2,24,12,1,11,5,1,4,7,-,7,-,-,-,1,-,1,-,-,-,1,-,1,-,-,-,-,-,-,-,-,-,1,-,1
64 Sakai city,50,35,15,77,52,25,90,63,27,103,71,32,107,74,33,153,106,47,169,120,49,199,141,58,247,156,91,204,144,60,169,118,51,227,152,75,274,171,103,270,172,98,302,182,120,327,206,121,318,196,122,283,168,115,365,201,164,390,217,173,380,209,171,372,191,181,352,166,186,371,167,204,339,157,182,338,127,211,318,117,201,276,93,183,250,79,171,245,81,164,214,63,151,172,38,134,145,46,99,108,19,89,63,17,46,67,11,56,32,2,30,25,5,20,27,3,24,15,5,10,7,-,7,2,-,2,5,-,5,2,-,2,1,-,1,-,-,-,1,-,1,-,-,-,-,-,-,-,-,-,-,-,-,-,-,-
65 Kobe city,110,73,37,130,94,36,141,102,39,206,148,58,204,139,65,240,172,68,314,223,91,364,245,119,398,266,132,375,247,128,249,165,84,348,231,117,409,262,147,447,279,168,493,297,196,491,282,209,499,305,194,458,263,195,566,317,249,610,344,266,616,342,274,693,344,349,695,332,363,768,370,398,732,326,406,726,297,429,646,262,384,621,237,384,571,184,387,494,173,321,428,117,311,381,112,269,334,75,259,225,47,178,201,23,178,150,19,131,97,12,85,51,7,44,41,7,34,28,4,24,20,1,19,3,1,2,3,-,3,4,-,4,1,-,1,-,-,-,-,-,-,-,-,-,-,-,-,-,-,-,-,-,-,1,-,1
66 Okayama city,36,28,8,54,42,12,51,37,14,67,46,21,88,61,27,70,48,22,126,92,34,161,111,50,159,95,64,140,90,50,130,83,47,146,103,43,153,105,48,184,116,68,191,128,63,209,135,74,174,102,72,186,115,71,212,116,96,231,118,113,301,152,149,263,135,128,296,149,147,314,134,180,376,192,184,317,127,190,300,110,190,290,100,190,262,102,160,254,79,175,229,57,172,178,45,133,149,29,120,124,28,96,76,12,64,82,17,65,35,5,30,41,7,34,11,1,10,9,1,8,8,-,8,4,1,3,2,1,1,5,1,4,1,-,1,-,-,-,1,-,1,-,-,-,-,-,-,-,-,-,-,-,-,-,-,-
67 Hiroshima city,76,48,28,83,53,30,103,79,24,116,82,34,134,91,43,157,107,50,201,135,66,239,159,80,249,169,80,260,171,89,187,131,56,232,158,74,296,194,102,292,182,110,350,207,143,344,222,122,273,158,115,274,150,124,383,207,176,380,211,169,420,218,202,432,230,202,407,197,210,446,212,234,408,174,234,386,157,229,428,181,247,398,145,253,374,105,269,344,111,233,293,84,209,227,56,171,204,55,149,151,31,120,129,25,104,119,15,104,73,10,63,41,6,35,26,4,22,15,3,12,9,2,7,5,1,4,3,-,3,2,-,2,-,-,-,1,1,-,-,-,-,-,-,-,-,-,-,-,-,-,-,-,-,-,-,-
68 Kitakyusyu city,88,61,27,98,71,27,116,95,21,148,118,30,152,103,49,175,115,60,239,184,55,267,177,90,255,164,91,259,161,98,156,100,56,224,157,67,295,191,104,272,171,101,320,201,119,367,231,136,336,202,134,348,208,140,391,230,161,447,240,207,462,224,238,499,254,245,481,223,258,517,236,281,480,206,274,478,197,281,461,180,281,451,160,291,401,137,264,367,124,243,333,103,230,269,72,197,222,47,175,198,26,172,132,14,118,98,5,93,67,8,59,38,2,36,30,5,25,22,3,19,8,-,8,3,-,3,8,1,7,4,2,2,-,-,-,1,-,1,-,-,-,1,-,1,-,-,-,-,-,-,-,-,-,1,1,-
69 Fukuoka city,123,80,43,144,103,41,137,102,35,166,114,52,173,125,48,206,135,71,276,185,91,325,225,100,307,214,93,294,194,100,224,148,76,248,160,88,337,195,142,305,184,121,344,227,117,412,235,177,344,187,157,386,228,158,399,223,176,455,241,214,468,234,234,481,237,244,504,270,234,540,240,300,568,233,335,502,222,280,473,192,281,457,147,310,455,135,320,357,106,251,366,116,250,287,67,220,251,56,195,193,35,158,143,18,125,113,21,92,76,11,65,49,7,42,24,3,21,17,1,16,16,1,15,6,-,6,3,1,2,-,-,-,2,-,2,-,-,-,1,-,1,1,-,1,-,-,-,-,-,-,-,-,-,3,1,2
70 Kumamoto city,42,31,11,60,40,20,90,61,29,84,55,29,104,67,37,109,77,32,110,74,36,148,98,50,140,97,43,133,89,44,90,59,31,147,85,62,157,101,56,167,102,65,168,107,61,195,127,68,180,112,68,178,91,87,255,154,101,240,135,105,267,129,138,299,153,146,269,146,123,306,143,163,327,140,187,341,152,189,294,113,181,295,98,197,300,105,195,234,70,164,225,66,159,179,49,130,152,31,121,117,28,89,99,14,85,83,17,66,62,7,55,37,6,31,23,3,20,10,1,9,6,1,5,2,-,2,5,-,5,1,-,1,1,-,1,-,-,-,-,-,-,-,-,-,-,-,-,-,-,-,-,-,-,-,-,-
